customer_id,customer_name,segment,country,city,state,postal_code_region
CUST-1,Gerald Hernandez,Home Office,United States,New Tammychester,Oregon,93590 West
CUST-2,Chelsey Jones,Corporate,United States,South Anita,Arizona,72037 West
CUST-3,Elizabeth Scott,Corporate,United States,Medinaberg,Missouri,37697 Central
CUST-4,Sherry Bowers,Corporate,United States,Gouldburgh,North Carolina,03354 South
CUST-5,Shawn Palmer,Home Office,United States,South Tara,Virginia,68496 East
CUST-6,Maxwell Parker,Corporate,United States,East Maria,Indiana,41436 Central
CUST-7,Kristin Martinez,Corporate,United States,Alexamouth,Texas,24520 South
CUST-8,Jonathon Wells,Home Office,United States,East Theresastad,Illinois,17910 Central
CUST-9,George West,Consumer,United States,Port Albert,North Carolina,09489 South
CUST-10,Michael Schroeder,Consumer,United States,Reginaldport,Illinois,92231 Central
CUST-11,Joanne Morse,Corporate,United States,Michaelbury,Wisconsin,18312 Central
CUST-12,Susan Gibson,Home Office,United States,Smithborough,Illinois,89091 Central
CUST-13,Karen Payne,Home Office,United States,Andradetown,Missouri,86644 Central
CUST-14,James Bailey,Corporate,United States,Bryantbury,New Jersey,10333 East
CUST-15,Drew Smith,Consumer,United States,Port Michelleborough,Wisconsin,87065 Central
CUST-16,Sarah Welch,Consumer,United States,Wellsview,Virginia,28559 East
CUST-17,Christopher Miles,Consumer,United States,Lake Joseville,Michigan,37784 Central
CUST-18,Isaac Acosta,Home Office,United States,Michaelmouth,New York,26970 East
CUST-19,Jasmine Pugh,Consumer,United States,Katherinemouth,Ohio,51689 Central
CUST-20,Scott Bartlett,Corporate,United States,Lake Williamview,California,08603 West
CUST-21,Angelica Shannon,Consumer,United States,West Steven,Massachusetts,61821 East
CUST-22,Michael Li,Corporate,United States,Clementston,North Carolina,99123 South
CUST-23,Evelyn Bradford,Consumer,United States,East Jacqueline,Arizona,67248 West
CUST-24,Jamie Velasquez,Home Office,United States,West Shawnshire,New Jersey,59552 East
CUST-25,Christopher Morales,Consumer,United States,New Scott,Virginia,30192 East
CUST-26,Nicole Burns,Consumer,United States,New Andreamouth,Nevada,23545 West
CUST-27,Thomas Arnold,Home Office,United States,West Jamieberg,Indiana,79493 Central
CUST-28,Natalie Chan,Consumer,United States,Christianview,Wisconsin,71746 Central
CUST-29,Jamie Hill,Consumer,United States,Port Christopherfurt,Missouri,55019 Central
CUST-30,Geoffrey Williams,Corporate,United States,Christensenshire,Nevada,25606 West
CUST-31,Megan Perez,Home Office,United States,Penachester,Georgia,04364 South
CUST-32,Michael Clark,Corporate,United States,Brittanychester,Florida,26974 South
CUST-33,Cassandra Mcdowell,Consumer,United States,Kimberlyfort,Indiana,53605 Central
CUST-34,Jason Sexton,Corporate,United States,Melissahaven,Illinois,65287 Central
CUST-35,Richard Cook,Home Office,United States,Thompsonport,Arizona,03802 West
CUST-36,Jeffrey Palmer,Consumer,United States,Murrayfurt,Pennsylvania,34116 East
CUST-37,Claudia Madden,Corporate,United States,East Jennyton,Ohio,64260 Central
CUST-38,Charles Hendricks,Home Office,United States,New Linda,Nevada,49141 West
CUST-39,Tommy Green,Home Office,United States,Lorimouth,California,97646 West
CUST-40,Joshua Jordan,Corporate,United States,Bradleychester,Arizona,80540 West
CUST-41,Meagan Beck,Home Office,United States,Elizabethmouth,Washington,54958 West
CUST-42,Mr. Ryan Miller,Corporate,United States,Lake Javierport,Florida,27278 South
CUST-43,Justin Gibson,Home Office,United States,Stephanieburgh,Washington,09058 West
CUST-44,Aaron Keller,Consumer,United States,North Brandonshire,Washington,40968 West
CUST-45,Bryan Gonzalez,Home Office,United States,South Whitney,Washington,99858 West
CUST-46,Barbara Mcgee,Home Office,United States,North Christopher,Georgia,91200 South
CUST-47,Jason Martin,Home Office,United States,Owensside,Tennessee,46369 South
CUST-48,Matthew Mckay,Consumer,United States,West Laurabury,Missouri,58583 Central
CUST-49,Carrie James,Corporate,United States,New Lindseyland,Maryland,04572 East
CUST-50,Clayton Solis,Corporate,United States,Marystad,Ohio,57486 Central
CUST-51,Daniel Ford,Consumer,United States,North Jessicaborough,Georgia,38704 South
CUST-52,Joseph Davis,Corporate,United States,Torresfurt,Illinois,99621 Central
CUST-53,Janet Hernandez,Home Office,United States,Rogerhaven,Georgia,75525 South
CUST-54,Jessica Keith PhD,Home Office,United States,Cynthiaborough,New York,60926 East
CUST-55,Angela Gentry,Consumer,United States,Wendyshire,Wisconsin,36692 Central
CUST-56,Jessica Graves,Corporate,United States,Port Steven,Florida,03857 South
CUST-57,Wanda Walter,Home Office,United States,East Michaelborough,New York,95495 East
CUST-58,Michael Williams,Corporate,United States,South Kimberlytown,Texas,03126 South
CUST-59,Bethany Sheppard,Home Office,United States,Lauraville,New Jersey,56334 East
CUST-60,Linda Diaz,Home Office,United States,West Cassidy,Georgia,84627 South
CUST-61,James Williams,Corporate,United States,East Francisco,Virginia,38462 East
CUST-62,Carrie Williams,Corporate,United States,Port Thomasmouth,New York,73136 East
CUST-63,Brandon Jones,Corporate,United States,Richardland,Massachusetts,17936 East
CUST-64,Jennifer Solomon,Corporate,United States,Port Jessicaside,Arizona,64647 West
CUST-65,Michael Patterson,Corporate,United States,South Cindy,Florida,85099 South
CUST-66,Patrick Taylor,Consumer,United States,Wintersmouth,Louisiana,93106 South
CUST-67,Lauren Allen,Consumer,United States,Pricefort,Michigan,99041 Central
CUST-68,Jeanne Espinoza,Home Office,United States,West Brittanyland,Michigan,28846 Central
CUST-69,Christopher Parrish,Home Office,United States,Margaretside,Indiana,48465 Central
CUST-70,Cynthia Malone,Home Office,United States,New Jeremy,Florida,45571 South
CUST-71,Anne Reyes,Consumer,United States,West Rachel,Texas,45913 South
CUST-72,Katherine Krueger,Corporate,United States,Franklinshire,Florida,43264 South
CUST-73,Samantha Munoz,Home Office,United States,Raymondmouth,Maryland,95748 East
CUST-74,Grace Smith,Consumer,United States,Jesusfurt,Louisiana,30640 South
CUST-75,Austin Hobbs,Consumer,United States,Johnsonport,Illinois,56815 Central
CUST-76,Sierra Moore,Home Office,United States,North Jacob,Georgia,20977 South
CUST-77,Stephen Mitchell,Consumer,United States,Lake Jenniferfort,Maryland,99826 East
CUST-78,Ricky Jenkins,Corporate,United States,South Jamesland,Massachusetts,83409 East
CUST-79,Evelyn King,Home Office,United States,Port Eileenshire,Washington,75952 West
CUST-80,Jason Ford,Consumer,United States,Derekchester,Michigan,32303 Central
CUST-81,Jonathan Hodge,Corporate,United States,East Robert,Utah,97766 West
CUST-82,Andrew Strickland,Consumer,United States,North Tanya,Ohio,86564 Central
CUST-83,David Murray,Consumer,United States,New Jacob,Washington,80269 West
CUST-84,Dr. Kelly Coleman,Consumer,United States,Robertsbury,Missouri,66868 Central
CUST-85,Elizabeth Gross,Corporate,United States,Port Ruthmouth,New York,02734 East
CUST-86,Aaron Fernandez,Consumer,United States,South Stacey,North Carolina,42192 South
CUST-87,Adam Jacobs,Home Office,United States,Kathytown,California,03985 West
CUST-88,Shelly Lynn,Home Office,United States,New Amberborough,California,19635 West
CUST-89,Heather Hutchinson,Corporate,United States,Wrightmouth,Wisconsin,92970 Central
CUST-90,Michael Walker,Home Office,United States,Russellmouth,Pennsylvania,82714 East
CUST-91,Jackie Dodson,Corporate,United States,South Jessicaland,Georgia,55970 South
CUST-92,James Reynolds,Consumer,United States,East Ruth,Tennessee,88003 South
CUST-93,Lisa Webb,Home Office,United States,Port Janetbury,Maryland,08698 East
CUST-94,Nicole Hodge,Corporate,United States,Flynnstad,Texas,78595 South
CUST-95,Deborah Lowe,Home Office,United States,Debraside,Ohio,54267 Central
CUST-96,David Johnson,Corporate,United States,Nicoleland,Florida,02606 South
CUST-97,Samantha Smith,Consumer,United States,West Gabrielleport,Pennsylvania,97451 East
CUST-98,Shawn Hall,Home Office,United States,New John,Illinois,94038 Central
CUST-99,John Johnson,Corporate,United States,Loganborough,Florida,93481 South
CUST-100,Matthew Martin,Home Office,United States,Jessicafort,Oregon,59527 West
CUST-101,Gina Fuller DVM,Home Office,United States,Raybury,Wisconsin,97097 Central
CUST-102,Joseph Bates,Consumer,United States,East Michelle,North Carolina,42543 South
CUST-103,Matthew Nelson,Consumer,United States,Collinsport,Maryland,32220 East
CUST-104,Ricardo Olsen,Corporate,United States,South Ericchester,Michigan,42035 Central
CUST-105,Jack Taylor,Corporate,United States,Stanleyshire,New Jersey,00806 East
CUST-106,Meagan Galloway,Home Office,United States,East April,Indiana,32726 Central
CUST-107,Monique Andrews DDS,Home Office,United States,Lake Angela,Georgia,01103 South
CUST-108,Matthew Jones,Home Office,United States,Brentfort,Tennessee,44179 South
CUST-109,Danielle Cortez MD,Consumer,United States,South Amybury,Indiana,61401 Central
CUST-110,Julia Parker,Consumer,United States,Lake Patricia,Pennsylvania,35970 East
CUST-111,Dennis Richardson,Home Office,United States,Brandonborough,Wisconsin,29759 Central
CUST-112,Sarah Kirby,Consumer,United States,West Evan,Missouri,82263 Central
CUST-113,Roger Williams,Consumer,United States,North Rebeccaport,Massachusetts,92711 East
CUST-114,William White,Corporate,United States,Thompsonburgh,Michigan,57981 Central
CUST-115,Jennifer Gilbert,Consumer,United States,Lake James,North Carolina,44809 South
CUST-116,Clayton Wheeler,Consumer,United States,Nathanview,Illinois,03906 Central
CUST-117,Raymond Buckley,Consumer,United States,West Mallory,Pennsylvania,26977 East
CUST-118,Ashley Hinton,Consumer,United States,Lake Cassandraland,Ohio,08051 Central
CUST-119,Shannon Bradley,Home Office,United States,Williamsmouth,Virginia,59704 East
CUST-120,Dr. Cynthia Wells,Consumer,United States,South Benjaminton,Oregon,55280 West
CUST-121,Jennifer Johnson,Corporate,United States,South Shawn,Virginia,95932 East
CUST-122,Brian Morris,Home Office,United States,Jenkinsside,Georgia,92329 South
CUST-123,Mike Robinson,Corporate,United States,Bradfordton,Texas,40565 South
CUST-124,James Rivera,Corporate,United States,West Lisamouth,New Jersey,07630 East
CUST-125,Yvette Allen,Home Office,United States,Michaelfurt,Pennsylvania,75685 East
CUST-126,Alexander Johnson,Consumer,United States,Parksmouth,Indiana,77476 Central
CUST-127,Joseph Johnson,Corporate,United States,Carlside,Tennessee,19382 South
CUST-128,Noah French,Corporate,United States,West Jamesmouth,Louisiana,99389 South
CUST-129,Rick Roberts,Corporate,United States,Vargaschester,Ohio,81958 Central
CUST-130,Jessica Peterson,Consumer,United States,Jorgeburgh,Ohio,35230 Central
CUST-131,Lori Boone,Corporate,United States,Rogerschester,Virginia,50367 East
CUST-132,Martha Blackwell,Corporate,United States,South Dannymouth,Virginia,47575 East
CUST-133,Kelly Ellison,Home Office,United States,Moyershire,Texas,45476 South
CUST-134,David Townsend,Corporate,United States,Jacobmouth,Illinois,52655 Central
CUST-135,Elizabeth Mayer,Consumer,United States,Johnsonmouth,Florida,75094 South
CUST-136,Sarah Tran,Home Office,United States,Johnsonburgh,Florida,78510 South
CUST-137,Jason Howard,Home Office,United States,Maryfort,Oregon,58323 West
CUST-138,Tiffany Phillips,Consumer,United States,Lake Robertville,Georgia,32170 South
CUST-139,Christopher Vaughan,Corporate,United States,New Katherineside,Tennessee,73732 South
CUST-140,Vincent Johnston,Corporate,United States,Lake Johnberg,Pennsylvania,37627 East
CUST-141,Brian Davis,Consumer,United States,South Amy,Indiana,67547 Central
CUST-142,Lawrence Wiley,Home Office,United States,Dannystad,Illinois,59606 Central
CUST-143,Travis Lopez,Corporate,United States,Whitefurt,Wisconsin,42419 Central
CUST-144,Clayton Landry,Consumer,United States,Deniseshire,Texas,15638 South
CUST-145,Luis Hardy,Home Office,United States,East Susan,Tennessee,19545 South
CUST-146,Ryan Clayton,Consumer,United States,Port John,Washington,90282 West
CUST-147,Sarah Delacruz,Home Office,United States,Rodriguezchester,Massachusetts,79349 East
CUST-148,James Graves,Consumer,United States,Frankside,New Jersey,92262 East
CUST-149,Tyler Mccall,Corporate,United States,Shauntown,Louisiana,76581 South
CUST-150,John Baldwin,Corporate,United States,South Courtneyport,Louisiana,27540 South
CUST-151,Lisa Nelson,Home Office,United States,Hernandezfort,Washington,28311 West
CUST-152,Eric Sullivan,Consumer,United States,Davidhaven,Tennessee,93375 South
CUST-153,Patricia Brown,Home Office,United States,Bakerborough,California,75231 West
CUST-154,Kendra Wright,Home Office,United States,New Molly,Louisiana,40701 South
CUST-155,Nathaniel Rodriguez,Consumer,United States,Stephenport,Illinois,48586 Central
CUST-156,Monica Garcia,Corporate,United States,Michaelmouth,Missouri,35687 Central
CUST-157,Luis Lloyd,Corporate,United States,Jenniferland,New Jersey,49814 East
CUST-158,Scott Garcia,Corporate,United States,Port Travis,North Carolina,66583 South
CUST-159,Kimberly Nielsen,Home Office,United States,Danielmouth,Maryland,95865 East
CUST-160,Dr. Andrea Hughes,Corporate,United States,North Ericaland,Missouri,96044 Central
CUST-161,Tammy Smith,Corporate,United States,Nguyenbury,New York,91420 East
CUST-162,Shannon Escobar,Consumer,United States,Brianborough,New York,95259 East
CUST-163,John Peterson,Corporate,United States,Hurstside,Utah,77727 West
CUST-164,William Pope,Consumer,United States,Port Christineborough,Indiana,27571 Central
CUST-165,Stephanie Williams,Corporate,United States,Rowlandstad,Pennsylvania,54490 East
CUST-166,Brian Kim,Consumer,United States,Port Kevinmouth,Michigan,89411 Central
CUST-167,Brett Bishop,Home Office,United States,Lukemouth,Maryland,58093 East
CUST-168,Jennifer Martinez,Home Office,United States,New Robertborough,Georgia,09815 South
CUST-169,Marcus Marshall,Corporate,United States,New Sara,Virginia,73614 East
CUST-170,Carlos Parsons,Corporate,United States,New Lukehaven,Virginia,77896 East
CUST-171,David Lopez,Home Office,United States,West Krista,Pennsylvania,62272 East
CUST-172,Kathryn Brown,Consumer,United States,Port Juliemouth,Virginia,47734 East
CUST-173,Sharon Rivera,Corporate,United States,Matthewmouth,Texas,70131 South
CUST-174,Stacey Aguilar,Corporate,United States,Martinezberg,Virginia,54058 East
CUST-175,Darrell Berry,Consumer,United States,Alfredbury,Massachusetts,39840 East
CUST-176,Shelly Thompson,Corporate,United States,Port Marissamouth,Louisiana,91406 South
CUST-177,Brandon Thompson,Consumer,United States,North Jamesport,Wisconsin,95715 Central
CUST-178,Ryan Lee,Home Office,United States,Fernandofurt,California,91216 West
CUST-179,Julia Berger,Corporate,United States,New Derrickmouth,New York,51912 East
CUST-180,Clayton Smith,Home Office,United States,Bankston,Florida,63925 South
CUST-181,Kara Williams,Home Office,United States,South Matthewmouth,Utah,35816 West
CUST-182,Christina Buckley,Home Office,United States,North Jillhaven,Wisconsin,06479 Central
CUST-183,Joseph Johnson,Corporate,United States,Douglasmouth,Pennsylvania,78700 East
CUST-184,James Perez,Home Office,United States,Sarahbury,Arizona,61587 West
CUST-185,Vicki Gonzalez,Corporate,United States,Port Joshuaview,Missouri,41583 Central
CUST-186,Jeffrey Jacobs,Corporate,United States,North Davidfort,Wisconsin,63023 Central
CUST-187,Wesley Martin,Consumer,United States,South Leslieton,Wisconsin,82462 Central
CUST-188,Kathy Castaneda,Consumer,United States,Port Ann,Louisiana,01161 South
CUST-189,Ivan Mills,Corporate,United States,New Brendachester,Maryland,89318 East
CUST-190,Jacob Cortez,Corporate,United States,Lawsontown,Georgia,15069 South
CUST-191,Judy Perkins,Consumer,United States,New Lukeville,Illinois,40436 Central
CUST-192,Erica Gardner,Corporate,United States,West April,Georgia,62592 South
CUST-193,David Joyce,Corporate,United States,East Robertomouth,Nevada,78275 West
CUST-194,Daniel Gray,Home Office,United States,South Arthurfort,California,22803 West
CUST-195,Andrew Weaver,Corporate,United States,Lake Michaelbury,Virginia,82922 East
CUST-196,Victoria Day,Home Office,United States,Brownfurt,New Jersey,21000 East
CUST-197,Amanda Kennedy,Home Office,United States,Crystalberg,Ohio,45370 Central
CUST-198,Anita Cole,Home Office,United States,West Cassidyburgh,North Carolina,21349 South
CUST-199,William Hicks,Consumer,United States,Brianborough,Utah,90715 West
CUST-200,Brian Hansen,Home Office,United States,Michaelville,Florida,93992 South
CUST-201,Shannon Ingram,Consumer,United States,Steventon,Virginia,57300 East
CUST-202,Angela Smith,Corporate,United States,Lake Dean,North Carolina,90015 South
CUST-203,Andrew Anderson,Corporate,United States,West Alyssa,Utah,82203 West
CUST-204,Catherine Long,Consumer,United States,Taylorbury,North Carolina,79804 South
CUST-205,Douglas Owens,Corporate,United States,Lake Seanland,Illinois,78641 Central
CUST-206,Karen Carroll,Home Office,United States,Flemingside,Wisconsin,29473 Central
CUST-207,Richard Davis,Home Office,United States,Ashleyport,North Carolina,88129 South
CUST-208,Michael Chavez,Consumer,United States,Morrisfort,Arizona,25178 West
CUST-209,Cassandra Gutierrez,Corporate,United States,Kimberlyview,New Jersey,48743 East
CUST-210,Mr. Alan Camacho DDS,Home Office,United States,Ashleymouth,California,14941 West
CUST-211,Julie Mccann,Consumer,United States,Randolphmouth,Georgia,45513 South
CUST-212,Jessica Cox,Home Office,United States,Lake Nicole,Arizona,07303 West
CUST-213,Trevor Hernandez,Home Office,United States,New Bonniemouth,Utah,36195 West
CUST-214,Joshua Parker,Corporate,United States,West Seanstad,Tennessee,92482 South
CUST-215,Richard Jefferson,Corporate,United States,Port Michaelborough,Florida,85160 South
CUST-216,Erica Vargas,Corporate,United States,Gilbertchester,New York,76424 East
CUST-217,George Goodman,Home Office,United States,Shawntown,Oregon,94579 West
CUST-218,Carrie Gregory MD,Consumer,United States,Feliciaville,Michigan,69569 Central
CUST-219,Jerry Lee,Corporate,United States,Port Elizabethshire,Oregon,44845 West
CUST-220,Richard Ortiz,Home Office,United States,Nicoleshire,New Jersey,37799 East
CUST-221,Gina Rice,Home Office,United States,West Sarahburgh,Texas,60683 South
CUST-222,Patrick Bowman,Corporate,United States,Adamsville,North Carolina,90109 South
CUST-223,Kaitlin Parks,Home Office,United States,North Emmachester,Illinois,40108 Central
CUST-224,Rachel Thompson,Home Office,United States,New Stacyfurt,Massachusetts,77625 East
CUST-225,Tina Daniel,Corporate,United States,Adamberg,New Jersey,88008 East
CUST-226,David Hernandez,Home Office,United States,New Nicolefort,Wisconsin,90790 Central
CUST-227,Terry Davila,Consumer,United States,East Juliechester,Arizona,71772 West
CUST-228,Jeremy Hudson,Corporate,United States,Port Ericaton,Ohio,52681 Central
CUST-229,Anthony Johnson,Corporate,United States,Port Amber,Michigan,98259 Central
CUST-230,Kristina Henderson,Corporate,United States,Ashleyview,Washington,53355 West
CUST-231,Daniel Thornton,Corporate,United States,Chandlerstad,Utah,41949 West
CUST-232,Robin Bullock,Home Office,United States,East Rachel,New Jersey,11910 East
CUST-233,Gary West,Home Office,United States,Michaelview,Florida,28294 South
CUST-234,Karen Patterson,Consumer,United States,Darylchester,New York,94451 East
CUST-235,Samantha Robertson,Consumer,United States,East Russell,Florida,99121 South
CUST-236,Brandon Smith,Corporate,United States,Port Trevorburgh,Oregon,13446 West
CUST-237,Amber Butler,Home Office,United States,West Paul,Oregon,14539 West
CUST-238,Amy Jacobson,Home Office,United States,South Joshua,Ohio,33712 Central
CUST-239,Joseph Heath,Consumer,United States,New Kristaton,Tennessee,78170 South
CUST-240,Daniel Smith,Consumer,United States,North Emily,New York,70063 East
CUST-241,Ryan Rush,Consumer,United States,East Kylemouth,Massachusetts,53230 East
CUST-242,Eric White,Corporate,United States,New Robinbury,Massachusetts,14878 East
CUST-243,Mike Johnston,Corporate,United States,Marshallland,New York,57709 East
CUST-244,Kathleen Adkins,Corporate,United States,Garrettfurt,Wisconsin,21281 Central
CUST-245,Brittany Velasquez,Consumer,United States,Rebeccastad,Arizona,65940 West
CUST-246,Mr. Jeremiah Evans,Corporate,United States,Stephaniehaven,Ohio,20985 Central
CUST-247,Jose Williams,Consumer,United States,Franciscohaven,Utah,61155 West
CUST-248,James Martinez,Home Office,United States,Port Danielchester,Utah,83822 West
CUST-249,Samantha Pratt,Home Office,United States,Priceshire,California,19770 West
CUST-250,Stephanie Thomas,Home Office,United States,South Eric,Louisiana,07984 South
CUST-251,Karen Carlson,Corporate,United States,West Lauraberg,Nevada,23876 West
CUST-252,Mr. Jason Newman,Consumer,United States,East Miguel,Texas,22913 South
CUST-253,Julie Sanchez,Corporate,United States,Sarachester,North Carolina,26983 South
CUST-254,David Mcdowell,Consumer,United States,Lake Mary,Massachusetts,12855 East
CUST-255,Craig Brown,Home Office,United States,New Benjamin,Louisiana,22891 South
CUST-256,David Brown,Corporate,United States,North Kathrynmouth,Georgia,55306 South
CUST-257,Joseph Rose,Corporate,United States,South Wandaside,Maryland,34751 East
CUST-258,Dennis Holden,Corporate,United States,Elizabethfurt,California,71122 West
CUST-259,Shannon Love,Consumer,United States,Esparzaville,Tennessee,48289 South
CUST-260,Albert Russell,Home Office,United States,Theresaland,Pennsylvania,49024 East
CUST-261,Holly King,Home Office,United States,North Nicolestad,California,36945 West
CUST-262,Amanda Crawford,Home Office,United States,Barnetttown,Ohio,69152 Central
CUST-263,Danielle Daniels,Consumer,United States,North Stephanieborough,Wisconsin,20011 Central
CUST-264,Adrian Best,Corporate,United States,Alvaradoborough,Oregon,79541 West
CUST-265,David Mason,Corporate,United States,West Anthonyland,Michigan,96073 Central
CUST-266,Thomas Parker,Home Office,United States,Dianabury,Louisiana,08260 South
CUST-267,Sarah Miller,Consumer,United States,West Cynthiamouth,Massachusetts,20761 East
CUST-268,Stephanie Schultz,Corporate,United States,Henryhaven,California,17466 West
CUST-269,Daryl Evans,Corporate,United States,Markland,Louisiana,78330 South
CUST-270,Jon Delacruz,Consumer,United States,North Loganburgh,New York,88005 East
CUST-271,Brandon Butler,Corporate,United States,East Garymouth,Washington,83434 West
CUST-272,Carla Martin,Corporate,United States,Jeremymouth,Oregon,56363 West
CUST-273,James Casey,Home Office,United States,Jonesborough,Georgia,65738 South
CUST-274,James Clay,Consumer,United States,East Williamport,Georgia,61010 South
CUST-275,Patricia Hoover,Consumer,United States,West Chadside,California,13770 West
CUST-276,Donna Garrison,Consumer,United States,West Angela,Louisiana,53505 South
CUST-277,Courtney Peterson,Consumer,United States,Mcdonaldberg,North Carolina,58792 South
CUST-278,Omar Turner,Corporate,United States,Howardland,New York,58560 East
CUST-279,Joyce Mahoney,Corporate,United States,Port Nicole,Virginia,67840 East
CUST-280,Mr. Antonio Cruz,Consumer,United States,Michellebury,Utah,60103 West
CUST-281,Ashley Henderson,Home Office,United States,Josechester,Ohio,97180 Central
CUST-282,Patricia Randolph,Corporate,United States,West Samantha,North Carolina,13186 South
CUST-283,Donna Perez MD,Corporate,United States,Johnsonport,Michigan,49525 Central
CUST-284,Melissa Moore,Home Office,United States,Hornmouth,New Jersey,80685 East
CUST-285,Patricia Ryan,Corporate,United States,North Bryanview,Indiana,75475 Central
CUST-286,Miranda Dougherty,Corporate,United States,Mirandamouth,Pennsylvania,38900 East
CUST-287,Rebecca Snyder MD,Corporate,United States,East Calvin,Washington,50757 West
CUST-288,Vincent Taylor,Corporate,United States,East Kaylaberg,New Jersey,10721 East
CUST-289,Alec Turner,Consumer,United States,Birdmouth,Ohio,07075 Central
CUST-290,Kenneth Henderson,Consumer,United States,East Adrienne,Maryland,34597 East
CUST-291,Norma Lyons,Corporate,United States,Cindystad,Florida,27798 South
CUST-292,Steve Black,Corporate,United States,Kennethport,Ohio,05314 Central
CUST-293,Tanya Bird,Home Office,United States,West Alan,Nevada,96242 West
CUST-294,Michelle Carlson,Home Office,United States,Port Cassandra,Texas,02257 South
CUST-295,Rodney White,Home Office,United States,Port Elizabeth,Washington,17930 West
CUST-296,Alexa Barton,Consumer,United States,Leehaven,Florida,39419 South
CUST-297,Matthew Jordan,Home Office,United States,Grahamfort,Virginia,79546 East
CUST-298,Deanna Arnold,Consumer,United States,East Nicole,Ohio,27700 Central
CUST-299,Melissa Holmes,Consumer,United States,West Christopherland,Pennsylvania,83551 East
CUST-300,Isaiah Mann,Consumer,United States,Douglasberg,Virginia,56561 East
CUST-301,Peter Moore,Consumer,United States,New Dylanshire,Texas,72006 South
CUST-302,Jordan Chavez,Consumer,United States,Deborahburgh,New York,95851 East
CUST-303,Heidi Parrish,Corporate,United States,Judyshire,Ohio,16457 Central
CUST-304,Ricky Lopez,Corporate,United States,Rosefurt,Washington,95441 West
CUST-305,Cheyenne Schmidt,Home Office,United States,Kristenview,Tennessee,20864 South
CUST-306,William Lane,Corporate,United States,Kimberlybury,Arizona,77437 West
CUST-307,Jacqueline Evans,Corporate,United States,Wendystad,Oregon,76345 West
CUST-308,Chad Delacruz,Consumer,United States,Kaylastad,Texas,87453 South
CUST-309,Dr. Matthew Torres,Corporate,United States,North Paulton,Pennsylvania,07447 East
CUST-310,Bridget Hernandez,Consumer,United States,Robertborough,Utah,39367 West
CUST-311,Jennifer Ho,Corporate,United States,East Jennifermouth,New Jersey,98310 East
CUST-312,Donna Johnson,Corporate,United States,Howardside,North Carolina,84916 South
CUST-313,Michele Wright,Corporate,United States,Jonesstad,Indiana,12412 Central
CUST-314,Natalie Shields,Consumer,United States,Port Jessicaberg,Missouri,65717 Central
CUST-315,Barbara Thompson,Corporate,United States,Alyssaburgh,Florida,66544 South
CUST-316,Kelly Allen,Home Office,United States,Beanfurt,Washington,09131 West
CUST-317,Heather Munoz,Home Office,United States,Moralesburgh,Nevada,30534 West
CUST-318,Stephen Smith,Consumer,United States,Kathleenbury,Maryland,25499 East
CUST-319,Patrick Bautista,Corporate,United States,Smithland,Arizona,88408 West
CUST-320,Teresa Short,Home Office,United States,West Laura,Pennsylvania,04162 East
CUST-321,Jonathon Brown,Home Office,United States,Lake Leslieport,Nevada,89446 West
CUST-322,Kristen Brown,Corporate,United States,Glennland,Georgia,89602 South
CUST-323,James Greer,Corporate,United States,Perezmouth,Nevada,03999 West
CUST-324,Destiny Martinez,Corporate,United States,North Christinefurt,Pennsylvania,33843 East
CUST-325,Anthony Rodriguez,Consumer,United States,East Aaronbury,California,55333 West
CUST-326,Rachel Phillips,Home Office,United States,New Hollyfort,Georgia,45949 South
CUST-327,Richard Fuller,Consumer,United States,West Shannon,New Jersey,28270 East
CUST-328,Shane Cummings,Consumer,United States,Williamfurt,Arizona,27523 West
CUST-329,David Carey,Home Office,United States,Melissaborough,Indiana,64426 Central
CUST-330,Erin Woodard,Home Office,United States,West Carolynberg,Washington,88522 West
CUST-331,Jasmine Kelley,Corporate,United States,Powellburgh,Pennsylvania,86558 East
CUST-332,Mrs. Karen Keith,Home Office,United States,Johnnybury,Indiana,54911 Central
CUST-333,Ryan Phillips,Corporate,United States,West Andrewfurt,Florida,17036 South
CUST-334,Jay Walker,Consumer,United States,South Rebekahstad,Arizona,34008 West
CUST-335,Jackie Garcia,Consumer,United States,Port Teresa,Texas,06549 South
CUST-336,Luis Hernandez,Consumer,United States,Longmouth,Missouri,18688 Central
CUST-337,Steven Jones,Home Office,United States,North Pamela,North Carolina,25867 South
CUST-338,Sherry Glenn,Consumer,United States,Gaystad,Maryland,98085 East
CUST-339,Christina Holmes,Home Office,United States,North Patriciaton,New Jersey,01524 East
CUST-340,Lacey Brown,Corporate,United States,Taylorport,Arizona,85131 West
CUST-341,Breanna Martinez,Consumer,United States,Lake Alexis,Texas,98427 South
CUST-342,Samuel Hill,Corporate,United States,Xavierstad,Missouri,59472 Central
CUST-343,Christine Thomas,Consumer,United States,South Kimberly,New Jersey,34189 East
CUST-344,Russell Garrett,Home Office,United States,West Steven,Tennessee,89500 South
CUST-345,Chelsea Wilson,Consumer,United States,Alejandrastad,Tennessee,97844 South
CUST-346,Amber Hawkins,Home Office,United States,New Todd,Oregon,50372 West
CUST-347,Courtney Alvarez,Home Office,United States,Lake Amy,Wisconsin,58985 Central
CUST-348,Travis Wong,Corporate,United States,Port Justin,Arizona,35672 West
CUST-349,Emily Velasquez,Corporate,United States,Reedhaven,Arizona,22175 West
CUST-350,Dr. Timothy Clayton MD,Home Office,United States,Johnbury,Indiana,23792 Central
CUST-351,Andrew Bell,Consumer,United States,West Richard,North Carolina,31683 South
CUST-352,Matthew Larson,Corporate,United States,North Savannah,Florida,89630 South
CUST-353,William Armstrong,Consumer,United States,South Mitchellburgh,Tennessee,89464 South
CUST-354,Jamie Rodriguez,Home Office,United States,Singhfort,North Carolina,99439 South
CUST-355,Jessica Mosley,Home Office,United States,Rileyfurt,Texas,84913 South
CUST-356,Jose Gomez,Home Office,United States,Joelshire,North Carolina,85707 South
CUST-357,Logan Mcdonald,Consumer,United States,Newtonside,Arizona,81318 West
CUST-358,Janet Suarez,Corporate,United States,Mollymouth,Arizona,28464 West
CUST-359,Ronald Johnson,Home Office,United States,Sandersburgh,Oregon,29104 West
CUST-360,Edward Johnson,Home Office,United States,Brownside,Illinois,51200 Central
CUST-361,Linda Pope,Home Office,United States,Christineton,Arizona,30864 West
CUST-362,Katrina Lindsey,Corporate,United States,South Frederickchester,Illinois,88228 Central
CUST-363,Alyssa Jones,Consumer,United States,Gabrielville,Ohio,33618 Central
CUST-364,Susan Walker,Home Office,United States,Port Brian,Louisiana,21823 South
CUST-365,Molly Lewis,Home Office,United States,South Jamesbury,North Carolina,75163 South
CUST-366,Jennifer Walker,Corporate,United States,Baldwinport,Massachusetts,03102 East
CUST-367,Justin Chavez,Corporate,United States,East Susanside,Indiana,14917 Central
CUST-368,Anna Crawford,Consumer,United States,West Steven,Florida,21125 South
CUST-369,Jacob Howard,Home Office,United States,Mccoychester,Maryland,94201 East
CUST-370,Joan Carr,Home Office,United States,North Seth,Virginia,02203 East
CUST-371,Jennifer Foster,Consumer,United States,North Gregoryshire,Oregon,49035 West
CUST-372,Angie Steele,Corporate,United States,Martinezland,Pennsylvania,91095 East
CUST-373,Cody Mays,Consumer,United States,Perezstad,Georgia,19999 South
CUST-374,Tiffany Robinson,Corporate,United States,Transhire,Louisiana,76097 South
CUST-375,Patricia Gilmore,Home Office,United States,Nancyview,Michigan,31957 Central
CUST-376,Courtney Kirk,Home Office,United States,Josephmouth,Oregon,61321 West
CUST-377,Anthony Kelly,Home Office,United States,Williefort,Arizona,61379 West
CUST-378,Steven Greene,Home Office,United States,North Cynthia,North Carolina,48516 South
CUST-379,Dr. Kathryn Phillips,Home Office,United States,North Caroline,California,45662 West
CUST-380,Annette Hoffman,Corporate,United States,Jillstad,Pennsylvania,72873 East
CUST-381,Mitchell Hardin,Consumer,United States,North Gregoryton,Texas,60657 South
CUST-382,Cynthia Frazier,Home Office,United States,Jeffreymouth,Arizona,10995 West
CUST-383,Margaret Boone,Home Office,United States,Joneston,Arizona,69415 West
CUST-384,Chelsea Mann,Home Office,United States,Joelshire,Virginia,00692 East
CUST-385,Damon Jones,Corporate,United States,New Robinside,Missouri,16380 Central
CUST-386,Juan Lewis,Home Office,United States,Jerrymouth,New York,07680 East
CUST-387,Sara Thompson,Corporate,United States,Lake Jessica,Massachusetts,46531 East
CUST-388,Tracy Edwards,Home Office,United States,Bettyview,Pennsylvania,69337 East
CUST-389,Mackenzie Ware,Home Office,United States,Teresachester,Utah,66884 West
CUST-390,William Taylor,Corporate,United States,Morenoshire,Utah,94990 West
CUST-391,Andrew Johnson,Corporate,United States,Andersonfurt,Virginia,73012 East
CUST-392,Jeffery Ramirez,Home Office,United States,Port James,Massachusetts,40271 East
CUST-393,Jacqueline Sanchez,Corporate,United States,Jimenezborough,Arizona,49141 West
CUST-394,William Gray,Corporate,United States,Millerborough,California,70060 West
CUST-395,Larry Mcclain,Consumer,United States,Connorchester,Missouri,47399 Central
CUST-396,Jacob Krueger,Corporate,United States,Markville,Washington,10444 West
CUST-397,Mitchell Clark,Home Office,United States,Davidshire,Texas,10917 South
CUST-398,Jessica Hardy,Home Office,United States,Roachstad,Tennessee,12441 South
CUST-399,George Martinez,Home Office,United States,Melendezside,Ohio,64485 Central
CUST-400,Lisa Brady,Corporate,United States,Lake Michaeltown,Utah,48030 West
CUST-401,Michael Jenkins,Consumer,United States,Fullermouth,Louisiana,72662 South
CUST-402,Rachel Massey,Home Office,United States,Johnberg,Texas,50168 South
CUST-403,Jessica Macdonald,Home Office,United States,Robertsonburgh,Florida,99558 South
CUST-404,Barbara King,Corporate,United States,North Sandra,Massachusetts,28447 East
CUST-405,Vanessa Cruz,Consumer,United States,Lowemouth,California,41342 West
CUST-406,Tanya Ellison,Consumer,United States,West Amy,Tennessee,85570 South
CUST-407,Jeremy Randall,Consumer,United States,South Paulaburgh,Ohio,82421 Central
CUST-408,Alex Moran,Home Office,United States,Port Codyview,Arizona,93747 West
CUST-409,Glen Clark,Consumer,United States,West Scott,Texas,93579 South
CUST-410,Thomas Brooks,Consumer,United States,East Alexandriaport,Virginia,78523 East
CUST-411,Misty Steele,Corporate,United States,Lake Matthewstad,Ohio,58627 Central
CUST-412,David Johnson,Home Office,United States,Bobstad,Ohio,08981 Central
CUST-413,Larry Mccoy,Home Office,United States,Christopherstad,Nevada,51202 West
CUST-414,James Baxter,Home Office,United States,Randyton,Massachusetts,70509 East
CUST-415,Mark Cole,Consumer,United States,Port Tina,Ohio,51742 Central
CUST-416,Lisa Miles,Consumer,United States,Elizabethshire,Washington,98566 West
CUST-417,Nicholas Pitts,Consumer,United States,Marilynton,Missouri,75175 Central
CUST-418,Rebecca Dean,Home Office,United States,North Maria,Louisiana,45080 South
CUST-419,Kellie Russell,Consumer,United States,Jamesport,Massachusetts,70994 East
CUST-420,Monica Lewis,Consumer,United States,Davidland,Utah,13441 West
CUST-421,Jacqueline Harvey,Corporate,United States,Lake Nicolebury,Massachusetts,71172 East
CUST-422,Christopher Reid,Corporate,United States,South Nicole,Florida,21754 South
CUST-423,Catherine Jimenez,Consumer,United States,Anthonyhaven,Arizona,79864 West
CUST-424,Andrea Boyer,Home Office,United States,West Jason,Ohio,42560 Central
CUST-425,Alexander Martin,Corporate,United States,East Tyler,Michigan,32309 Central
CUST-426,Amy Gonzales,Home Office,United States,East Rhonda,Georgia,71473 South
CUST-427,Kimberly Davis,Corporate,United States,Lake David,New Jersey,86153 East
CUST-428,Holly Davis,Corporate,United States,Port Allisonmouth,Illinois,22626 Central
CUST-429,Lisa Smith,Consumer,United States,New Jennifer,Maryland,07787 East
CUST-430,Anthony Yates,Home Office,United States,Juanshire,Maryland,34348 East
CUST-431,Cindy Howard,Home Office,United States,Lake Amystad,Louisiana,54201 South
CUST-432,Christopher Meyers,Consumer,United States,Meganland,North Carolina,34714 South
CUST-433,Roy Thompson,Consumer,United States,East Pamelafurt,Nevada,21012 West
CUST-434,Samantha Bennett,Corporate,United States,West Sydneyton,Wisconsin,17223 Central
CUST-435,Dr. Dale Sanders,Consumer,United States,Nunezberg,North Carolina,75918 South
CUST-436,Victor Lee,Home Office,United States,New David,Maryland,87196 East
CUST-437,Jennifer Scott,Consumer,United States,Lake Eric,New Jersey,91362 East
CUST-438,Mr. Daniel Colon,Home Office,United States,Teresabury,Louisiana,44015 South
CUST-439,Dr. Darlene Singh,Home Office,United States,Wilsonland,North Carolina,41770 South
CUST-440,Amanda Reese,Consumer,United States,Vanessatown,Texas,03120 South
CUST-441,Kimberly Archer,Consumer,United States,Phillipfurt,Indiana,75738 Central
CUST-442,Marcus Cruz,Corporate,United States,Sullivanstad,Massachusetts,65980 East
CUST-443,Janice Reese,Consumer,United States,West Nancyland,Washington,28460 West
CUST-444,Karen Chavez,Home Office,United States,West Mariamouth,Tennessee,86846 South
CUST-445,Brenda Casey,Corporate,United States,West Kentport,New York,58097 East
CUST-446,Brittney Kim,Consumer,United States,Newtonburgh,Louisiana,59875 South
CUST-447,Jessica Harris,Home Office,United States,Bondhaven,Maryland,17666 East
CUST-448,Christine Porter,Home Office,United States,Mitchellchester,Pennsylvania,31699 East
CUST-449,Christine Williams,Consumer,United States,Kimberlyville,Maryland,08289 East
CUST-450,Melissa Peterson,Consumer,United States,West Randy,Texas,90902 South
CUST-451,Stephanie Gibson,Corporate,United States,East Jennaton,Utah,26959 West
CUST-452,Jenna Rios,Home Office,United States,East Jaime,Tennessee,39430 South
CUST-453,Mrs. Sabrina Nelson,Home Office,United States,Derekburgh,North Carolina,30967 South
CUST-454,Gabriel Schroeder,Home Office,United States,Jamesfurt,Pennsylvania,99273 East
CUST-455,Stacey Ramirez,Consumer,United States,Garciafort,Ohio,31099 Central
CUST-456,Pamela Roberts,Home Office,United States,Port Edwinmouth,Texas,52858 South
CUST-457,Ernest Washington,Home Office,United States,Gomezbury,Missouri,91282 Central
CUST-458,Taylor Carroll,Corporate,United States,Terryfort,Texas,41635 South
CUST-459,Francisco Lopez,Consumer,United States,Lawsonstad,Maryland,84864 East
CUST-460,Regina Manning,Corporate,United States,North Teresa,Nevada,03366 West
CUST-461,David Hall,Corporate,United States,South Donna,Ohio,59548 Central
CUST-462,Peter Brown,Home Office,United States,Ellischester,Illinois,53729 Central
CUST-463,Victor Bailey,Home Office,United States,South Staceyfort,New York,49492 East
CUST-464,Victoria Bond,Home Office,United States,Morrismouth,California,42443 West
CUST-465,Jessica Weaver,Consumer,United States,East Robert,Oregon,08702 West
CUST-466,Brian Ramirez,Consumer,United States,Annahaven,Florida,54016 South
CUST-467,Ernest Perez,Corporate,United States,Gentryburgh,Pennsylvania,43802 East
CUST-468,Dustin Parker,Corporate,United States,East Earl,Florida,64169 South
CUST-469,Deborah Bailey,Corporate,United States,Castrofurt,California,79740 West
CUST-470,Carol Shaw,Corporate,United States,Port Jessicabury,New York,45201 East
CUST-471,Alison Miller,Corporate,United States,Port Jeremychester,Illinois,75546 Central
CUST-472,Patricia Salazar,Corporate,United States,Millerstad,Missouri,04242 Central
CUST-473,Lindsey Rogers,Home Office,United States,Edwardsshire,Michigan,00789 Central
CUST-474,Kathleen Schwartz,Home Office,United States,East Sherry,Pennsylvania,50515 East
CUST-475,Tanya Williams,Corporate,United States,Pattonfort,Pennsylvania,06023 East
CUST-476,Steven Jones,Corporate,United States,Webbbury,Ohio,42407 Central
CUST-477,Linda Wilkins,Corporate,United States,Port Yvonne,Georgia,90185 South
CUST-478,Jesse Perez,Corporate,United States,Johnfurt,Utah,47045 West
CUST-479,Evelyn Todd,Home Office,United States,Tabithaton,Ohio,68401 Central
CUST-480,Heather Pugh,Home Office,United States,Lewisport,Illinois,98470 Central
CUST-481,Robert Anderson,Corporate,United States,Lake Timothy,Louisiana,73301 South
CUST-482,Heather Kelley,Consumer,United States,East Carlaborough,Michigan,48558 Central
CUST-483,Laura Hoffman,Home Office,United States,Lake Paul,Wisconsin,03915 Central
CUST-484,Samantha Henderson,Consumer,United States,Stewartstad,Massachusetts,54153 East
CUST-485,Benjamin Ford,Home Office,United States,Bennettland,Louisiana,10482 South
CUST-486,Robert Vaughn,Corporate,United States,Jenniferton,Florida,77154 South
CUST-487,Tracy Martin,Consumer,United States,Lake Angela,Illinois,65756 Central
CUST-488,Dominique Taylor,Consumer,United States,South Maryview,Massachusetts,31133 East
CUST-489,Sheila Gregory,Consumer,United States,Williamsland,Pennsylvania,04612 East
CUST-490,Jessica Hart,Corporate,United States,Lindaborough,Missouri,58783 Central
CUST-491,Valerie Hunter,Corporate,United States,South Julieside,Illinois,64982 Central
CUST-492,Michael Martinez,Consumer,United States,Janetton,Pennsylvania,65672 East
CUST-493,Rachel Tucker,Consumer,United States,North Charles,Ohio,07982 Central
CUST-494,Mark Cabrera,Consumer,United States,Lake Michelleside,New York,87541 East
CUST-495,Emily White,Consumer,United States,Paulbury,Maryland,51906 East
CUST-496,Joel Ward,Consumer,United States,East Coreyborough,Tennessee,47664 South
CUST-497,Nicole Norris,Home Office,United States,Mcbridestad,Wisconsin,44546 Central
CUST-498,Isabella Davis,Home Office,United States,Lake Timothybury,Arizona,44713 West
CUST-499,Cory Yang,Consumer,United States,Annebury,Utah,76459 West
CUST-500,Tyler Hubbard,Consumer,United States,Mcdonaldshire,New Jersey,71638 East
CUST-501,Stacey Walker,Corporate,United States,Robertsonberg,New Jersey,12860 East
CUST-502,Jared Wright,Consumer,United States,Christieside,Utah,37852 West
CUST-503,William Berry,Corporate,United States,Port Michael,New York,03265 East
CUST-504,Luis Hayes,Consumer,United States,Lake Paul,Oregon,86881 West
CUST-505,Kevin Baker,Consumer,United States,Clineton,Georgia,33167 South
CUST-506,Sierra Summers,Consumer,United States,Port Zachary,Massachusetts,08248 East
CUST-507,Marilyn Gomez DDS,Corporate,United States,South Jenna,North Carolina,31169 South
CUST-508,Nicole Ward,Corporate,United States,West Crystalborough,Tennessee,92985 South
CUST-509,Sarah Bell,Corporate,United States,East Rodneyland,Maryland,17501 East
CUST-510,Tammy Fisher,Corporate,United States,East Christopherside,Illinois,73635 Central
CUST-511,Daniel Sims,Home Office,United States,South Moniqueburgh,Wisconsin,51044 Central
CUST-512,David Huff,Corporate,United States,Ayalashire,Missouri,94039 Central
CUST-513,Michelle Sullivan,Consumer,United States,Wilsonport,North Carolina,25312 South
CUST-514,Brandon Silva,Corporate,United States,Vegachester,Utah,03215 West
CUST-515,Ruth Smith,Home Office,United States,Noblebury,Florida,69568 South
CUST-516,Timothy Mays,Home Office,United States,Jasonberg,Washington,12942 West
CUST-517,Don Webb,Consumer,United States,Port Ryanview,Maryland,52078 East
CUST-518,Jerry Walker,Corporate,United States,Jasonmouth,Tennessee,07051 South
CUST-519,Kristin Gonzalez,Corporate,United States,New Melissa,Tennessee,37685 South
CUST-520,Jamie Delgado,Consumer,United States,Ericchester,Massachusetts,79167 East
CUST-521,Charles Anthony,Home Office,United States,New Tylerbury,California,16545 West
CUST-522,Dustin Smith,Corporate,United States,Davidside,Texas,59673 South
CUST-523,Charles Hernandez,Consumer,United States,Blakeshire,Oregon,17468 West
CUST-524,Sandra Vaughn,Corporate,United States,Port Phillipview,Maryland,45137 East
CUST-525,Joel Collins,Consumer,United States,Port Jeffreytown,Florida,62569 South
CUST-526,Toni Reynolds,Consumer,United States,Brookechester,Florida,06154 South
CUST-527,Joshua Vazquez,Consumer,United States,South Joshua,Indiana,61007 Central
CUST-528,Kenneth Farley,Consumer,United States,Christopherland,Washington,68141 West
CUST-529,Christopher Good,Corporate,United States,South Edward,Louisiana,32444 South
CUST-530,Jeffrey Cameron,Consumer,United States,Leachville,Oregon,31825 West
CUST-531,Lydia Hurley,Corporate,United States,Susanville,New Jersey,85371 East
CUST-532,Chad Yang,Home Office,United States,North Madison,New Jersey,62830 East
CUST-533,Timothy Mendez,Home Office,United States,Rubenton,Utah,91577 West
CUST-534,Justin Hernandez,Home Office,United States,Port Michelleberg,Texas,80691 South
CUST-535,Scott Ortiz,Consumer,United States,East Scottmouth,Indiana,68171 Central
CUST-536,Heather Bell,Consumer,United States,South Nicholasbury,Texas,16625 South
CUST-537,Isaiah Vasquez,Consumer,United States,Sweeneyport,Washington,81471 West
CUST-538,Marc Lee,Home Office,United States,Carlland,North Carolina,93305 South
CUST-539,Gina Summers,Home Office,United States,Harrishaven,Utah,56100 West
CUST-540,Renee Norton,Corporate,United States,North Amanda,Georgia,52461 South
CUST-541,Lynn Thompson,Consumer,United States,New Markfort,New York,53452 East
CUST-542,Robert Rodriguez,Consumer,United States,Kimberlyport,Virginia,06639 East
CUST-543,Henry Williams,Corporate,United States,Lake Carolineborough,Louisiana,11229 South
CUST-544,David Kidd,Consumer,United States,North Timothyfurt,Virginia,33360 East
CUST-545,Nathaniel Smith,Corporate,United States,Amandaburgh,Texas,88748 South
CUST-546,Alicia Cook,Corporate,United States,West Denise,Michigan,81325 Central
CUST-547,Ronald Bridges,Home Office,United States,West Harryhaven,Wisconsin,78394 Central
CUST-548,Jennifer Griffin,Consumer,United States,Lake Michelleborough,Utah,74422 West
CUST-549,Jacob Parker,Consumer,United States,East Julieton,Texas,80008 South
CUST-550,Lauren Eaton,Home Office,United States,Saratown,Indiana,70596 Central
CUST-551,Dr. Tracey Boyd,Consumer,United States,East Blakeside,Texas,96215 South
CUST-552,David Dominguez,Corporate,United States,Mcintyrehaven,Oregon,05428 West
CUST-553,Wendy French,Corporate,United States,East Diane,Wisconsin,81681 Central
CUST-554,Jackie Wilson,Consumer,United States,Barnesfurt,Virginia,59402 East
CUST-555,Brandon Vazquez,Consumer,United States,New Robert,Tennessee,33520 South
CUST-556,Lisa Garcia,Consumer,United States,Smithchester,Maryland,55262 East
CUST-557,George Hunter,Consumer,United States,Dylanton,Michigan,58680 Central
CUST-558,Joshua Nelson,Home Office,United States,New Crystal,Ohio,16742 Central
CUST-559,Frank Jones,Consumer,United States,West David,Oregon,95283 West
CUST-560,Keith Owen,Corporate,United States,South Julie,Indiana,35931 Central
CUST-561,Paula Scott,Home Office,United States,West Seth,Maryland,91858 East
CUST-562,Julie Hernandez,Consumer,United States,Brownmouth,Missouri,37981 Central
CUST-563,Phillip Ward,Consumer,United States,Keithfort,Virginia,37714 East
CUST-564,Sherri Moody,Consumer,United States,Hallchester,Ohio,77609 Central
CUST-565,Kyle Jones,Consumer,United States,Cathychester,New Jersey,20845 East
CUST-566,Anthony Fuller,Corporate,United States,Albertmouth,Texas,92696 South
CUST-567,Ricky Tanner,Home Office,United States,Audreychester,Georgia,71840 South
CUST-568,Roberta Robertson,Corporate,United States,New Lauren,New York,03513 East
CUST-569,Caitlin Weeks,Corporate,United States,Hallmouth,Florida,47747 South
CUST-570,Amanda Waters,Corporate,United States,Port Matthew,Utah,18942 West
CUST-571,Dr. Jasmine Jones,Consumer,United States,Port Kristen,New Jersey,04624 East
CUST-572,Kathleen Washington,Corporate,United States,Lake Christopher,New York,77723 East
CUST-573,Sarah Davidson,Home Office,United States,Port Ravenstad,Washington,26957 West
CUST-574,Pamela Sanders,Consumer,United States,Petersonville,Utah,27447 West
CUST-575,Jonathan Cook,Consumer,United States,Robinmouth,Tennessee,16964 South
CUST-576,Zachary Kramer,Corporate,United States,New Jimmy,North Carolina,49357 South
CUST-577,Bobby Jensen,Corporate,United States,Jimenezview,Wisconsin,58711 Central
CUST-578,William Lopez,Home Office,United States,Coryfurt,Indiana,30963 Central
CUST-579,Lisa Smith,Consumer,United States,Spencerside,Washington,74091 West
CUST-580,Taylor Smith,Home Office,United States,Paulmouth,Arizona,37700 West
CUST-581,Elizabeth Jordan,Corporate,United States,Smithberg,Maryland,15011 East
CUST-582,Lydia Wheeler,Home Office,United States,Michelleville,Illinois,00763 Central
CUST-583,Samuel Guerra,Home Office,United States,Nataliebury,Washington,23639 West
CUST-584,Miranda Garcia,Corporate,United States,Katietown,Virginia,96880 East
CUST-585,Julie Cunningham,Consumer,United States,Vickieburgh,New Jersey,49750 East
CUST-586,Joshua Ingram,Corporate,United States,Fullershire,Indiana,78130 Central
CUST-587,Donald May,Corporate,United States,Jessebury,Massachusetts,57192 East
CUST-588,Megan Mora,Home Office,United States,East Danielton,Utah,71928 West
CUST-589,Debra Morrison,Consumer,United States,Hoffmanview,Maryland,76767 East
CUST-590,Ronald Nichols,Corporate,United States,North Andrew,Louisiana,30657 South
CUST-591,Kylie Thompson DVM,Corporate,United States,West Billy,Ohio,32591 Central
CUST-592,Eric Landry,Home Office,United States,New Rubenshire,Massachusetts,48406 East
CUST-593,Stacey Morales,Consumer,United States,East Juliefurt,Tennessee,85298 South
CUST-594,Matthew Johnson,Home Office,United States,Justinbury,Ohio,63133 Central
CUST-595,Brandon Green,Consumer,United States,East Meganfort,New Jersey,52425 East
CUST-596,Kristina Patrick,Home Office,United States,Stoneside,North Carolina,10528 South
CUST-597,Deborah Sanchez,Home Office,United States,North Christopherfort,Pennsylvania,29676 East
CUST-598,Paul Rodriguez MD,Consumer,United States,Brianhaven,Ohio,95071 Central
CUST-599,Kelly Bradley,Consumer,United States,Smithmouth,Oregon,12335 West
CUST-600,Julie Richmond,Consumer,United States,South Oliviamouth,Texas,04421 South
CUST-601,Devon Smith,Corporate,United States,Daychester,Illinois,48037 Central
CUST-602,Debbie Kelley,Corporate,United States,North Angelport,Maryland,92511 East
CUST-603,Lisa Powell,Home Office,United States,Georgebury,Michigan,41309 Central
CUST-604,Christine Greene,Home Office,United States,Richardsburgh,New Jersey,92342 East
CUST-605,Joshua Robertson,Consumer,United States,West Tracey,Ohio,21707 Central
CUST-606,Benjamin Anderson,Corporate,United States,Hutchinsonfurt,Oregon,72501 West
CUST-607,Brianna Ray,Consumer,United States,Lake Daniellefurt,Wisconsin,82068 Central
CUST-608,Adrian Thompson,Home Office,United States,Lake Michael,Illinois,22885 Central
CUST-609,Nicholas Chan,Corporate,United States,East Nancy,Pennsylvania,98590 East
CUST-610,Jamie Lee,Corporate,United States,North Luis,Florida,52385 South
CUST-611,Barbara Keller,Corporate,United States,Leefort,Michigan,31242 Central
CUST-612,Samuel Robertson,Consumer,United States,Port Johnville,Georgia,57362 South
CUST-613,Robin Chavez,Corporate,United States,Lake Martin,Missouri,76572 Central
CUST-614,Daniel Tucker,Corporate,United States,Lake Mitchell,Virginia,85700 East
CUST-615,Ronald Chandler,Consumer,United States,Margaretmouth,California,65019 West
CUST-616,Brenda Logan,Corporate,United States,Kevinbury,Arizona,76885 West
CUST-617,Margaret Munoz,Corporate,United States,Hallside,Massachusetts,60923 East
CUST-618,Carol Cooper,Corporate,United States,North Charles,Nevada,23037 West
CUST-619,Elizabeth Howe,Home Office,United States,New Todd,Texas,48845 South
CUST-620,Amanda Rasmussen,Home Office,United States,Robertstad,Oregon,81055 West
CUST-621,Samantha Cooper,Home Office,United States,Ashleymouth,Washington,12048 West
CUST-622,John Davis,Home Office,United States,Piercestad,Louisiana,38795 South
CUST-623,Tiffany Mendoza,Consumer,United States,Meganport,Arizona,91216 West
CUST-624,Destiny Estrada,Consumer,United States,Kellyside,Washington,56252 West
CUST-625,Ms. Elizabeth Nguyen PhD,Corporate,United States,Marvinstad,New Jersey,66629 East
CUST-626,William King,Consumer,United States,Port David,Michigan,53082 Central
CUST-627,Catherine Davila,Consumer,United States,South Danielbury,Missouri,52563 Central
CUST-628,Bonnie Duncan,Home Office,United States,South Albert,Tennessee,88505 South
CUST-629,Jennifer Reid,Corporate,United States,Ryanburgh,California,17360 West
CUST-630,James Hill,Home Office,United States,Curtisshire,Illinois,03921 Central
CUST-631,Taylor Parker,Consumer,United States,Lake Bruce,Arizona,70198 West
CUST-632,Jacqueline Martin,Consumer,United States,East Dawn,Nevada,49686 West
CUST-633,Lauren Collins,Home Office,United States,Stevenfurt,Ohio,07690 Central
CUST-634,Stephanie Roy,Consumer,United States,Fieldsport,Arizona,04020 West
CUST-635,Corey Estrada,Consumer,United States,Austinside,Arizona,99919 West
CUST-636,Donna Price,Consumer,United States,Moniquebury,Florida,08580 South
CUST-637,Laura Gill,Consumer,United States,Hernandeztown,Missouri,56249 Central
CUST-638,Luis Hill,Consumer,United States,Port Caseybury,Washington,96578 West
CUST-639,Courtney Cline,Home Office,United States,Keithport,Illinois,87080 Central
CUST-640,Adam Smith,Corporate,United States,Goodwinfort,Florida,54036 South
CUST-641,Luis Willis,Consumer,United States,Pedromouth,Wisconsin,77363 Central
CUST-642,Debbie Neal,Consumer,United States,New Ericabury,Maryland,18418 East
CUST-643,Andrew Allen,Consumer,United States,Lake Jennifer,Oregon,16429 West
CUST-644,Deborah Kim,Corporate,United States,Heatherport,Ohio,88515 Central
CUST-645,Andrew Murray,Home Office,United States,Victorbury,Pennsylvania,85480 East
CUST-646,Jill Williams,Corporate,United States,Port Scott,Wisconsin,65419 Central
CUST-647,Bethany Valencia,Corporate,United States,West Valerie,Georgia,09495 South
CUST-648,Christopher Anderson,Home Office,United States,Port Lisa,Utah,06682 West
CUST-649,Martin Brown,Consumer,United States,Lake Brandonport,Georgia,13272 South
CUST-650,Kristopher Burke,Home Office,United States,Johnnyfort,Massachusetts,35795 East
CUST-651,Melissa Hahn,Home Office,United States,Danielview,Illinois,11941 Central
CUST-652,Brett Harris,Home Office,United States,Burnsshire,Utah,72903 West
CUST-653,Roberta Johnson,Corporate,United States,Lake Lisa,Indiana,91832 Central
CUST-654,William Price,Consumer,United States,Barnesfort,Georgia,70800 South
CUST-655,Russell Ross,Home Office,United States,Port Peterchester,Indiana,96141 Central
CUST-656,Nathan Stafford,Home Office,United States,Port Alexander,Ohio,11012 Central
CUST-657,Vanessa Wilson,Consumer,United States,Lambville,Michigan,23669 Central
CUST-658,Adam Young,Consumer,United States,Terrellfort,California,83740 West
CUST-659,Ernest Lawrence,Corporate,United States,South Davidburgh,Maryland,72718 East
CUST-660,Frank Martin,Corporate,United States,Victoriaton,Virginia,24780 East
CUST-661,Rachel Moore,Corporate,United States,Farmerchester,New Jersey,18782 East
CUST-662,Kristin Hall,Consumer,United States,North Rebeccaport,Tennessee,03278 South
CUST-663,Maurice Wright,Corporate,United States,Kristinfort,North Carolina,25501 South
CUST-664,Samuel Marquez,Consumer,United States,Williamtown,Arizona,50455 West
CUST-665,Ronald Smith,Corporate,United States,North Brendachester,Massachusetts,26240 East
CUST-666,Nathan Bauer,Consumer,United States,Sloantown,Georgia,02738 South
CUST-667,George Porter,Home Office,United States,Chenmouth,Utah,08154 West
CUST-668,James Harris,Corporate,United States,Brownbury,Massachusetts,83299 East
CUST-669,Rodney Johnson,Corporate,United States,New Reginaburgh,Pennsylvania,41533 East
CUST-670,David Young,Consumer,United States,Port Christinachester,Wisconsin,53939 Central
CUST-671,Darlene Haynes,Consumer,United States,Nicholefort,New York,78497 East
CUST-672,Ashley Cole,Home Office,United States,Timothystad,New York,62271 East
CUST-673,Robert Solomon,Home Office,United States,New Ronald,Indiana,93759 Central
CUST-674,Dale Delgado,Consumer,United States,West Lauren,Maryland,77564 East
CUST-675,Christopher Moreno,Corporate,United States,North Glenda,Virginia,60172 East
CUST-676,Michael Grant,Corporate,United States,Erinbury,North Carolina,20393 South
CUST-677,Jason Armstrong,Home Office,United States,East Andrew,Tennessee,37860 South
CUST-678,Mr. Thomas Humphrey MD,Consumer,United States,Jeffreyfurt,Nevada,95585 West
CUST-679,Laurie Russell,Corporate,United States,Beckyview,Texas,41587 South
CUST-680,Ashley Williams,Corporate,United States,Tiffanyfurt,Illinois,08462 Central
CUST-681,Timothy Love,Home Office,United States,New Jeffreyport,Georgia,11480 South
CUST-682,Kristen Green,Home Office,United States,South Christopherview,Nevada,22355 West
CUST-683,Joshua Thompson,Corporate,United States,Stephaniemouth,Georgia,82466 South
CUST-684,Jennifer Peterson,Consumer,United States,Lake Ruthville,Missouri,22304 Central
CUST-685,Jennifer Palmer,Consumer,United States,New Jennashire,Texas,77291 South
CUST-686,Bruce Shea,Corporate,United States,Watsonfurt,Texas,75754 South
CUST-687,Billy Mcfarland,Home Office,United States,Cruzfurt,Ohio,15274 Central
CUST-688,Stephen Fischer,Home Office,United States,Mccalltown,Virginia,69296 East
CUST-689,Jason Gutierrez,Consumer,United States,Edwardmouth,Illinois,20007 Central
CUST-690,Amanda Johnson,Home Office,United States,West Sarahville,Utah,63562 West
CUST-691,Kimberly Robinson,Corporate,United States,Wattsshire,Missouri,61358 Central
CUST-692,Lawrence Patel,Corporate,United States,South Jill,New Jersey,35474 East
CUST-693,Tyrone Jenkins,Home Office,United States,Lake Kylefort,Pennsylvania,31592 East
CUST-694,Regina Powell,Home Office,United States,Lopezfurt,California,27771 West
CUST-695,Bradley Williams,Corporate,United States,Amyton,Florida,19388 South
CUST-696,Jason Simpson,Corporate,United States,North Melissahaven,Missouri,06138 Central
CUST-697,Scott Nelson,Home Office,United States,Johnsonbury,Massachusetts,12924 East
CUST-698,Katelyn Silva,Home Office,United States,Lake Richard,Pennsylvania,38136 East
CUST-699,Jose Saunders,Corporate,United States,Santosbury,Virginia,93620 East
CUST-700,Whitney Roach,Corporate,United States,Lake Lindachester,Nevada,50205 West
CUST-701,Megan Smith,Home Office,United States,Vanessaborough,Pennsylvania,80560 East
CUST-702,Allison Wright,Home Office,United States,Zacharyshire,Georgia,58335 South
CUST-703,Robert Ramirez,Home Office,United States,Sandovalchester,California,12375 West
CUST-704,Troy Sanchez,Corporate,United States,Andrewborough,Louisiana,09490 South
CUST-705,Stacey Brown,Corporate,United States,North Leslieton,Florida,81876 South
CUST-706,Brian Lewis,Corporate,United States,Davidland,Missouri,78528 Central
CUST-707,Sharon Cole,Corporate,United States,Lake Laura,Nevada,65047 West
CUST-708,Vicki Rodriguez,Corporate,United States,West Teresa,Utah,41072 West
CUST-709,Ricardo Wilkerson,Home Office,United States,Karenfurt,Indiana,97064 Central
CUST-710,Cynthia Powers,Home Office,United States,West Sarahton,Tennessee,21805 South
CUST-711,Jerome Atkinson,Home Office,United States,North Franklinfort,Michigan,95752 Central
CUST-712,Christine Klein,Home Office,United States,West Ronald,Pennsylvania,80526 East
CUST-713,Matthew Delgado,Consumer,United States,New Philiphaven,Wisconsin,63531 Central
CUST-714,Charles Zimmerman,Home Office,United States,Kimberlychester,Florida,67077 South
CUST-715,Kara Payne,Consumer,United States,Port Michaelberg,Missouri,76682 Central
CUST-716,Stacy Johnson,Home Office,United States,Normatown,Illinois,32664 Central
CUST-717,Sharon Valdez,Corporate,United States,West Leroyview,Texas,88891 South
CUST-718,Jeanette Branch,Home Office,United States,Lake Adamburgh,Maryland,95441 East
CUST-719,Ronnie Phillips,Consumer,United States,North Lisachester,New Jersey,58992 East
CUST-720,Paige Lara,Corporate,United States,West Krystalmouth,Florida,06053 South
CUST-721,Meredith Rodriguez,Corporate,United States,New Shane,Maryland,42932 East
CUST-722,Brooke Johnson,Corporate,United States,Lake Carlytown,Florida,60408 South
CUST-723,Adam Smith,Corporate,United States,New Erik,Pennsylvania,90161 East
CUST-724,David Rowland,Home Office,United States,South Lorimouth,California,23691 West
CUST-725,Mark Wilson,Corporate,United States,Sheilaborough,Pennsylvania,12060 East
CUST-726,Christopher Jordan,Consumer,United States,Bauerton,Michigan,57070 Central
CUST-727,Kim Yu,Home Office,United States,North Danielle,Pennsylvania,97070 East
CUST-728,Heather Fox,Consumer,United States,Port Richard,Florida,49972 South
CUST-729,Christopher Shepherd,Corporate,United States,Amandamouth,Pennsylvania,86860 East
CUST-730,Joseph Silva,Home Office,United States,Port Joshuabury,New York,14095 East
CUST-731,Katelyn Dougherty,Corporate,United States,Francisshire,Oregon,49388 West
CUST-732,Elizabeth Moore,Corporate,United States,New Lindaview,Michigan,41852 Central
CUST-733,Jessica Garza,Corporate,United States,New Nicholas,Ohio,02549 Central
CUST-734,Makayla Snyder,Consumer,United States,Pughbury,Indiana,03272 Central
CUST-735,Jennifer Brown,Corporate,United States,Port Kenneth,Michigan,62097 Central
CUST-736,Melissa Willis,Corporate,United States,New Jessica,Missouri,97086 Central
CUST-737,Amanda Edwards,Corporate,United States,West Danielton,Louisiana,95589 South
CUST-738,Daniel Hardy,Home Office,United States,Lake Matthewshire,Arizona,86600 West
CUST-739,Taylor Murphy,Consumer,United States,Larryfurt,Tennessee,49958 South
CUST-740,Maxwell Hickman,Consumer,United States,Lake Heatherville,North Carolina,64361 South
CUST-741,John Dean,Home Office,United States,Port James,New Jersey,33217 East
CUST-742,Nancy Riley,Home Office,United States,Ryanville,Florida,05492 South
CUST-743,Kelli Myers,Corporate,United States,North Tina,California,20680 West
CUST-744,Brian Hamilton,Corporate,United States,Nicolestad,Virginia,76410 East
CUST-745,Dawn George,Home Office,United States,South Saramouth,Michigan,13657 Central
CUST-746,William Dawson,Consumer,United States,Williamschester,Maryland,78519 East
CUST-747,Melinda Owens,Consumer,United States,Aaronside,Missouri,86710 Central
CUST-748,Robert Riley,Corporate,United States,Georgemouth,Virginia,79164 East
CUST-749,Vickie Thornton,Consumer,United States,North Jonathan,Tennessee,80954 South
CUST-750,Tony Lucas,Consumer,United States,Jasonland,Oregon,24202 West
CUST-751,Robert Cain,Home Office,United States,Foxberg,Oregon,80601 West
CUST-752,Adam Hodge,Home Office,United States,South Erica,California,92782 West
CUST-753,Suzanne Ortega,Consumer,United States,South Steven,Maryland,31772 East
CUST-754,Daniel Bailey,Consumer,United States,East Richardbury,California,98887 West
CUST-755,Michael May,Consumer,United States,North Edwardside,Indiana,98854 Central
CUST-756,Sabrina Morales,Consumer,United States,Riceberg,New York,40265 East
CUST-757,Charles Gates,Home Office,United States,Travisburgh,Massachusetts,11212 East
CUST-758,Ashley Santana,Corporate,United States,East Patriciahaven,Missouri,85265 Central
CUST-759,Sarah Lewis,Consumer,United States,South Kevin,Missouri,32727 Central
CUST-760,Jack Ross,Consumer,United States,Lambertmouth,Virginia,51154 East
CUST-761,Deborah Foster,Corporate,United States,Youngborough,Virginia,74776 East
CUST-762,Mary Andrews,Consumer,United States,Cindytown,New Jersey,63220 East
CUST-763,Andrew Cobb,Corporate,United States,New Michael,Indiana,99221 Central
CUST-764,Brian Mcgee,Consumer,United States,South Kevinmouth,California,79608 West
CUST-765,Samantha Diaz,Home Office,United States,North Brad,Tennessee,38110 South
CUST-766,Beth Green,Consumer,United States,Danielhaven,Ohio,45831 Central
CUST-767,Sandra Nicholson,Home Office,United States,East Williamhaven,California,60266 West
CUST-768,Kimberly Kim,Consumer,United States,Staffordmouth,Illinois,07175 Central
CUST-769,Melissa Underwood,Home Office,United States,Evansstad,Missouri,11383 Central
CUST-770,Chase Graves,Corporate,United States,Scotttown,Nevada,22789 West
CUST-771,James Padilla,Consumer,United States,Liumouth,New York,18203 East
CUST-772,Brian Morales,Consumer,United States,Hugheshaven,California,23264 West
CUST-773,Jerome Mccormick,Corporate,United States,Rebeccamouth,Georgia,81637 South
CUST-774,Summer Larson,Corporate,United States,West Pamela,Indiana,77675 Central
CUST-775,Seth Rocha,Corporate,United States,Coleport,Texas,31447 South
CUST-776,Tracy Young,Corporate,United States,Patrickville,Nevada,12853 West
CUST-777,Matthew Evans,Consumer,United States,East Markview,New Jersey,05171 East
CUST-778,Charles Clark,Home Office,United States,North Kyle,Pennsylvania,97277 East
CUST-779,Aaron Williamson,Home Office,United States,East Bernardmouth,Oregon,57773 West
CUST-780,Aaron Brown,Consumer,United States,Jesusview,Massachusetts,39618 East
CUST-781,Thomas Brown,Home Office,United States,Barbaraborough,Indiana,93610 Central
CUST-782,Alan Moore,Consumer,United States,South Christopherville,New York,90462 East
CUST-783,Ashley Malone,Corporate,United States,North Kevinside,Washington,47374 West
CUST-784,Nicholas Phelps,Corporate,United States,Jameston,Texas,48728 South
CUST-785,Peter Oconnor,Corporate,United States,Sharonborough,Missouri,98831 Central
CUST-786,Samuel West,Home Office,United States,South Chrisshire,Louisiana,26305 South
CUST-787,Kyle Campbell,Corporate,United States,Taramouth,Virginia,29353 East
CUST-788,Aaron Salazar,Corporate,United States,Lake Alexanderfurt,North Carolina,95769 South
CUST-789,Melinda Valdez,Home Office,United States,Mcknightburgh,Oregon,98931 West
CUST-790,Brenda Schultz,Corporate,United States,Nicholsshire,Utah,38427 West
CUST-791,Christopher Ortega,Corporate,United States,Chrisstad,Florida,97380 South
CUST-792,Heather Garcia DDS,Corporate,United States,South Danielshire,Indiana,32943 Central
CUST-793,Jasmin Miller,Corporate,United States,East Philip,California,14216 West
CUST-794,Jacob Allen,Corporate,United States,New Wanda,Nevada,70116 West
CUST-795,Amy Ward,Consumer,United States,Antonioborough,Georgia,71982 South
CUST-796,Brandy Barr,Home Office,United States,Leeburgh,Utah,06208 West
CUST-797,Keith Case,Home Office,United States,Katherinebury,Illinois,17377 Central
CUST-798,Mark Burns,Consumer,United States,Ellisonchester,Utah,70071 West
CUST-799,Francis York,Home Office,United States,Angelaville,Tennessee,06053 South
CUST-800,Victor Nelson,Home Office,United States,New Luis,Tennessee,71286 South
CUST-801,Rachel Douglas,Consumer,United States,Lake Shawnside,California,29160 West
CUST-802,Jermaine Bennett,Home Office,United States,Cookside,California,09722 West
CUST-803,Roger Diaz,Consumer,United States,New Bill,Texas,56667 South
CUST-804,Kari Villanueva,Corporate,United States,Whitneyville,Arizona,06385 West
CUST-805,Patrick Reeves,Corporate,United States,New Michaelport,Louisiana,05757 South
CUST-806,Charles Howell,Consumer,United States,Patricktown,North Carolina,59655 South
CUST-807,Heather Wood,Home Office,United States,East Paul,California,70105 West
CUST-808,Daniel Moore,Corporate,United States,North Justin,Missouri,15622 Central
CUST-809,Travis Larsen,Consumer,United States,Lake Heather,Michigan,23425 Central
CUST-810,Courtney Glover,Corporate,United States,East Paula,Utah,88031 West
CUST-811,William Marshall,Corporate,United States,Brownshire,North Carolina,60043 South
CUST-812,Amy Mann,Consumer,United States,Jonathonton,Oregon,13390 West
CUST-813,Calvin Myers,Corporate,United States,Lake Joshuachester,Texas,80413 South
CUST-814,April Adams,Consumer,United States,Williamsland,Washington,59495 West
CUST-815,Joseph Crawford,Corporate,United States,New Christopher,Tennessee,47955 South
CUST-816,Katrina Ford,Corporate,United States,Deanport,Pennsylvania,91424 East
CUST-817,Melissa Johnson,Home Office,United States,West Danielberg,Louisiana,52964 South
CUST-818,Mike Pitts,Corporate,United States,Lake Robinton,Indiana,06543 Central
CUST-819,Jenna Khan,Home Office,United States,East Michellebury,Indiana,30825 Central
CUST-820,Julie Liu,Home Office,United States,Stevenburgh,Virginia,79139 East
CUST-821,Terri Cox,Consumer,United States,East Jason,Indiana,49275 Central
CUST-822,Luke Garcia,Consumer,United States,Kaylaview,Ohio,94322 Central
CUST-823,Joshua Baker,Consumer,United States,Ashleyshire,Louisiana,40202 South
CUST-824,Sarah Solomon,Corporate,United States,North Robert,Michigan,38630 Central
CUST-825,Martha James,Consumer,United States,Saraport,Louisiana,58188 South
CUST-826,James Rodriguez,Consumer,United States,Stokesmouth,Massachusetts,27338 East
CUST-827,Amanda Parker,Home Office,United States,North Robert,Florida,94151 South
CUST-828,Angelica Mcintyre,Home Office,United States,Lake Monicamouth,Pennsylvania,16393 East
CUST-829,Travis Green,Consumer,United States,East Joshuafurt,Massachusetts,26974 East
CUST-830,Christopher Martinez,Consumer,United States,Christinaberg,Virginia,66986 East
CUST-831,Lori Jackson,Corporate,United States,North Ashleymouth,Utah,21442 West
CUST-832,Krystal Lowe,Corporate,United States,North Matthewtown,Louisiana,55351 South
CUST-833,Charles Collier,Home Office,United States,North Nicholas,Georgia,78092 South
CUST-834,Rachel Rich,Home Office,United States,Andersonport,Maryland,05090 East
CUST-835,Eric Perez,Consumer,United States,Lake Robert,Indiana,29912 Central
CUST-836,David Michael,Corporate,United States,East William,Michigan,85266 Central
CUST-837,Christopher Love,Home Office,United States,Garrettport,Missouri,28220 Central
CUST-838,Hayley Matthews,Home Office,United States,South Alexfort,Utah,79040 West
CUST-839,Philip Pierce,Home Office,United States,Robinsonport,Oregon,43774 West
CUST-840,Cathy Burton,Consumer,United States,Victoriachester,Louisiana,97418 South
CUST-841,Jessica Vasquez,Corporate,United States,East Janiceville,Pennsylvania,17174 East
CUST-842,Mark Williams,Home Office,United States,Jonesbury,New York,09688 East
CUST-843,Mark Ellis,Corporate,United States,New Deborahview,New York,72651 East
CUST-844,Gina Jones,Home Office,United States,Port Peter,Nevada,30288 West
CUST-845,Ricky Montoya,Consumer,United States,Lake Reginaldmouth,Michigan,64767 Central
CUST-846,Rachel Davis,Home Office,United States,North Erin,North Carolina,38518 South
CUST-847,Mitchell Mcmillan,Corporate,United States,Jonesfurt,Tennessee,74915 South
CUST-848,Rachel Tyler,Corporate,United States,Annastad,Ohio,31767 Central
CUST-849,Claire James,Consumer,United States,South Tinaberg,Oregon,51815 West
CUST-850,Amber Page,Corporate,United States,North Kentport,Ohio,12466 Central
CUST-851,Mr. Isaiah Rowland,Corporate,United States,Lake Dawn,Indiana,13853 Central
CUST-852,Tonya Ross,Consumer,United States,East Gregorychester,Missouri,10610 Central
CUST-853,Benjamin Kane,Home Office,United States,Michaelburgh,California,24556 West
CUST-854,John Coleman,Home Office,United States,Walshtown,Washington,83653 West
CUST-855,Pamela Olson,Corporate,United States,Brownfurt,California,29284 West
CUST-856,Mark Morgan,Home Office,United States,Harriston,New York,79324 East
CUST-857,Anthony Howell,Home Office,United States,Taylorside,Texas,83299 South
CUST-858,David Smith,Consumer,United States,Juarezhaven,New Jersey,16228 East
CUST-859,Kaitlyn Chan,Corporate,United States,Mendozaview,Wisconsin,07554 Central
CUST-860,Anthony Sexton,Consumer,United States,West Adam,Indiana,93023 Central
CUST-861,Carolyn Dixon,Consumer,United States,Lake Audreytown,Virginia,70852 East
CUST-862,Sheila Smith PhD,Consumer,United States,Rachaelmouth,Virginia,69647 East
CUST-863,John Smith,Consumer,United States,South Janeton,Massachusetts,49902 East
CUST-864,Julia Gordon,Home Office,United States,East Christopher,Utah,70901 West
CUST-865,Thomas Barnes,Consumer,United States,Smithmouth,Texas,94134 South
CUST-866,Samuel Knox,Consumer,United States,North Johnny,Oregon,22735 West
CUST-867,Johnny Cohen,Home Office,United States,Barrmouth,Tennessee,04368 South
CUST-868,Kyle Guzman,Home Office,United States,South Nicole,Massachusetts,97836 East
CUST-869,Adriana Garrison DVM,Consumer,United States,Port Steven,Arizona,63137 West
CUST-870,Donna Jones,Corporate,United States,Leemouth,Indiana,18312 Central
CUST-871,Tammy Rivera,Corporate,United States,North Ryanfurt,Washington,27193 West
CUST-872,Jeffrey Cox,Consumer,United States,Savannahhaven,Virginia,18153 East
CUST-873,Ana Lopez,Consumer,United States,Johnmouth,Massachusetts,92578 East
CUST-874,Amber Cunningham,Corporate,United States,Caseybury,Arizona,82625 West
CUST-875,Mitchell Dunn,Corporate,United States,Lake Andreabury,Florida,21115 South
CUST-876,Sydney George,Corporate,United States,Rioshaven,Virginia,28158 East
CUST-877,Emily Baker,Corporate,United States,Reyesville,Massachusetts,99452 East
CUST-878,Ronald Adams,Home Office,United States,Deniseburgh,Georgia,07664 South
CUST-879,Samantha Mills,Home Office,United States,Ramirezmouth,Pennsylvania,68863 East
CUST-880,Cheyenne Cobb,Corporate,United States,Normaberg,Oregon,84075 West
CUST-881,William Mayer,Corporate,United States,Port Jennifertown,Texas,16563 South
CUST-882,Don Powers,Corporate,United States,Hunterburgh,Texas,24006 South
CUST-883,Brandon Moran,Corporate,United States,New Tylerberg,Michigan,14963 Central
CUST-884,Alyssa Gordon,Home Office,United States,Brianfurt,Indiana,42620 Central
CUST-885,Amy Sullivan,Consumer,United States,Stevenfort,Georgia,87279 South
CUST-886,Kevin Cox,Corporate,United States,Loriborough,Oregon,58289 West
CUST-887,Stephanie Smith,Consumer,United States,Port Jeffrey,Texas,74214 South
CUST-888,Kimberly Zuniga,Consumer,United States,New Lauriehaven,Nevada,55076 West
CUST-889,Valerie Smith,Consumer,United States,North Brandonhaven,New Jersey,19551 East
CUST-890,Mary Moody,Consumer,United States,North Laurie,Virginia,59126 East
CUST-891,Michelle Sutton,Consumer,United States,North Michelle,Louisiana,44790 South
CUST-892,Traci Reyes,Consumer,United States,Burtonburgh,New Jersey,81411 East
CUST-893,Tara Robertson,Consumer,United States,East Katherine,Ohio,94521 Central
CUST-894,Laura Wilson,Consumer,United States,Lambshire,Arizona,59166 West
CUST-895,Carmen Henderson,Consumer,United States,North Frances,Washington,23837 West
CUST-896,Ashley Wright,Corporate,United States,Michelebury,Missouri,70946 Central
CUST-897,Chelsea Tate,Corporate,United States,Sherryberg,Texas,32652 South
CUST-898,Sergio Coleman,Home Office,United States,Lake Colinfurt,California,05682 West
CUST-899,Hailey Lucero,Consumer,United States,East Christian,Florida,65021 South
CUST-900,Jennifer Dawson,Home Office,United States,Lake Tammy,Wisconsin,13008 Central
CUST-901,Joshua Rivera,Home Office,United States,Stewartborough,New York,28719 East
CUST-902,Gregory Moore,Home Office,United States,Grayside,Louisiana,13714 South
CUST-903,Nathan Martin,Corporate,United States,Sarahmouth,Illinois,98925 Central
CUST-904,Tammy Olson,Home Office,United States,Port Adamberg,New York,55737 East
CUST-905,John Lewis DDS,Corporate,United States,North Jonathantown,Florida,55522 South
CUST-906,Mr. Christopher Snow,Home Office,United States,East Scottland,Georgia,73774 South
CUST-907,Kimberly Jackson,Consumer,United States,Robinsonfurt,Tennessee,24191 South
CUST-908,Julie Vaughn,Corporate,United States,Port Tanner,Washington,90023 West
CUST-909,Austin Martin,Corporate,United States,West Jessicafort,Nevada,19235 West
CUST-910,Stephanie Fuller,Consumer,United States,East Edwardville,Maryland,32959 East
CUST-911,Aimee Pratt,Consumer,United States,Elainechester,Louisiana,45293 South
CUST-912,Jason Barnes,Corporate,United States,East Crystal,California,65436 West
CUST-913,Mr. John Whitehead,Home Office,United States,New Markchester,North Carolina,76241 South
CUST-914,Thomas Howard,Consumer,United States,Lake Charles,California,69502 West
CUST-915,Mary Schwartz,Corporate,United States,South Keith,Tennessee,11863 South
CUST-916,Erin Hernandez,Consumer,United States,North Mary,Virginia,92796 East
CUST-917,Elizabeth Meadows,Consumer,United States,Port Angelica,Georgia,88123 South
CUST-918,Kristen Stephens,Corporate,United States,Port Kathytown,Maryland,51910 East
CUST-919,Robert Barnes,Corporate,United States,Port Kevintown,Indiana,35723 Central
CUST-920,Dorothy Smith,Home Office,United States,Josephmouth,Massachusetts,82344 East
CUST-921,Bradley Johnson,Consumer,United States,North Samuel,Tennessee,34856 South
CUST-922,Brittany Morris,Consumer,United States,Lake Kristie,Georgia,69165 South
CUST-923,Colleen Webb,Corporate,United States,South Larry,Massachusetts,37517 East
CUST-924,Cindy Jimenez,Home Office,United States,Valdezstad,Nevada,69631 West
CUST-925,Nichole Baker,Corporate,United States,New Jamesville,Utah,38638 West
CUST-926,Sherri Oconnell,Consumer,United States,Sharonfurt,Arizona,43978 West
CUST-927,Ryan Spencer,Corporate,United States,Lake Jamestown,Arizona,28770 West
CUST-928,Micheal Wilson,Corporate,United States,New Tylerland,Oregon,26252 West
CUST-929,Lynn Williams,Consumer,United States,Lake Christopher,Maryland,42738 East
CUST-930,Austin Smith,Home Office,United States,North Michaelburgh,Maryland,54171 East
CUST-931,Michael Wilson,Corporate,United States,Lake Emily,California,56556 West
CUST-932,Thomas Elliott,Consumer,United States,North Hayley,Indiana,31481 Central
CUST-933,Bobby Reed,Consumer,United States,West Richardberg,Oregon,24074 West
CUST-934,Matthew Davidson,Consumer,United States,Veronicaville,Louisiana,81556 South
CUST-935,Matthew Bryan,Corporate,United States,Port Aaronhaven,North Carolina,63856 South
CUST-936,Linda Riley,Home Office,United States,Millertown,Oregon,88492 West
CUST-937,Jeanette Garcia,Home Office,United States,Lake Nicholasfurt,Washington,87277 West
CUST-938,William Nelson,Corporate,United States,Lake Ann,Utah,35588 West
CUST-939,Michael Moore,Corporate,United States,New Jeremyport,Virginia,08999 East
CUST-940,Daniel Carter,Consumer,United States,Melissaborough,Michigan,35546 Central
CUST-941,Kenneth Fowler,Home Office,United States,West Brianna,Texas,42290 South
CUST-942,Heather Mcfarland,Consumer,United States,Stevenhaven,California,13827 West
CUST-943,Julia Erickson,Consumer,United States,South Timothyhaven,New York,54883 East
CUST-944,Bobby Mitchell,Consumer,United States,Rebeccahaven,Illinois,76805 Central
CUST-945,John Jones,Home Office,United States,South Haleymouth,Indiana,82982 Central
CUST-946,Shawn Baker,Corporate,United States,South Tonyhaven,Florida,87614 South
CUST-947,Cindy Johnson,Consumer,United States,South Kevin,Illinois,09719 Central
CUST-948,Dustin Moore,Corporate,United States,North Willieside,Pennsylvania,93999 East
CUST-949,Timothy Rodriguez,Corporate,United States,Martintown,California,08034 West
CUST-950,John York,Corporate,United States,Carrieshire,Missouri,54474 Central
CUST-951,Casey Holland,Home Office,United States,Port Gregory,Arizona,87093 West
CUST-952,Steven Ayala,Consumer,United States,Williamton,Indiana,80828 Central
CUST-953,Michael Jacobson,Corporate,United States,Pamelamouth,Oregon,13863 West
CUST-954,James Conley,Consumer,United States,Amyton,Utah,04441 West
CUST-955,Gordon Shannon,Corporate,United States,Wattsmouth,Wisconsin,94778 Central
CUST-956,Dustin Marks,Home Office,United States,Dorseyfort,North Carolina,42436 South
CUST-957,Laura Glover,Corporate,United States,Evanston,Virginia,75472 East
CUST-958,Jesse Salazar,Consumer,United States,Wellstown,California,07267 West
CUST-959,Stacey Frazier,Corporate,United States,Mendozahaven,Maryland,11533 East
CUST-960,Jessica Horne,Corporate,United States,North Saraville,Ohio,59807 Central
CUST-961,Hunter Garcia,Home Office,United States,South James,Indiana,44667 Central
CUST-962,Jose Bauer,Consumer,United States,Lake Kaylamouth,Tennessee,40507 South
CUST-963,Antonio Rodriguez,Consumer,United States,Reyesbury,Maryland,17268 East
CUST-964,Brian Klein,Consumer,United States,Lake Robinview,Ohio,90437 Central
CUST-965,Joshua Dean,Consumer,United States,North Tina,Ohio,73699 Central
CUST-966,Leslie Nguyen,Home Office,United States,Coleland,North Carolina,82638 South
CUST-967,Mrs. Shelly Santiago MD,Consumer,United States,North Pam,Texas,08662 South
CUST-968,Rachel Porter,Corporate,United States,Sarahfort,Oregon,88686 West
CUST-969,Jennifer Mcgrath,Consumer,United States,South Christophermouth,Nevada,05537 West
CUST-970,Cynthia Rodriguez,Consumer,United States,Lake Bruce,Nevada,18363 West
CUST-971,Brad Gomez,Consumer,United States,Port Kelly,New Jersey,46197 East
CUST-972,Emily Collins,Corporate,United States,South Kimberly,Missouri,94040 Central
CUST-973,Paul Rogers,Home Office,United States,West Jameschester,Indiana,60030 Central
CUST-974,Christopher Rivera,Home Office,United States,East Marioview,Utah,97363 West
CUST-975,Crystal Jones,Corporate,United States,Robertotown,Ohio,67628 Central
CUST-976,Karen Anderson,Corporate,United States,Sheriton,Missouri,07789 Central
CUST-977,Kimberly Fuller,Corporate,United States,Port Ashley,Wisconsin,31672 Central
CUST-978,Glen Martinez,Corporate,United States,Joneshaven,Maryland,09721 East
CUST-979,John Morales,Corporate,United States,Lake Brenda,Pennsylvania,38479 East
CUST-980,Anthony Brown,Consumer,United States,New Shannon,New Jersey,46551 East
CUST-981,Mikayla Barber,Home Office,United States,Schmidtside,Illinois,70727 Central
CUST-982,Rebecca Fry,Corporate,United States,Wallacemouth,Georgia,13487 South
CUST-983,Danielle Ponce,Consumer,United States,Ramosshire,Texas,90238 South
CUST-984,Ashley Dunn,Corporate,United States,New Ronaldside,Illinois,42137 Central
CUST-985,Jeanette Rodriguez,Home Office,United States,South Williammouth,Wisconsin,53738 Central
CUST-986,Tabitha Williams,Consumer,United States,Danielburgh,Arizona,06298 West
CUST-987,Mr. Troy Prince,Home Office,United States,Henrystad,Illinois,94177 Central
CUST-988,David Peters,Corporate,United States,Lake Joshua,Louisiana,90602 South
CUST-989,Jack Black,Corporate,United States,Jonesmouth,Ohio,53199 Central
CUST-990,Andrew Cummings,Consumer,United States,New Brandon,New Jersey,73432 East
CUST-991,Allen Hall,Home Office,United States,East Jeremyview,Texas,10630 South
CUST-992,Emily Perry,Home Office,United States,Port Alyssa,Tennessee,11661 South
CUST-993,Alexander Lyons,Consumer,United States,East Joelfort,Michigan,97961 Central
CUST-994,Jacqueline Johnson,Consumer,United States,West Kimberly,Tennessee,21131 South
CUST-995,Andrew Cherry,Home Office,United States,East Joshua,Washington,16648 West
CUST-996,Alexander Stanton,Consumer,United States,Port Donnaberg,Utah,65097 West
CUST-997,Anne Maxwell,Home Office,United States,Vasquezton,Maryland,50204 East
CUST-998,Bryan Hampton,Home Office,United States,New Davidburgh,Ohio,15679 Central
CUST-999,Kevin Long,Home Office,United States,Christianmouth,Washington,31970 West
CUST-1000,Debra Perez,Corporate,United States,Dillonhaven,Louisiana,65913 South
